{
  "project_info": {
    "project_number": "979081569991",
    "firebase_url": "https://madproject-d1537.firebaseio.com",
    "project_id": "madproject-d1537",
    "storage_bucket": "madproject-d1537.appspot.com"
  },
  "client": [
    {
      "client_info": {
        "mobilesdk_app_id": "1:979081569991:android:83b06e6a4bb55cf6",
        "android_client_info": {
          "package_name": "com.example.amanat.mad_project"
        }
      },
      "oauth_client": [
        {
          "client_id": "979081569991-3ajl06a5gobhq2ofilrhjo9282ivdrog.apps.googleusercontent.com",
          "client_type": 1,
          "android_info": {
            "package_name": "com.example.amanat.mad_project",
            "certificate_hash": "5908718b11638664b0e437a18f83aa3caef604e4"
          }
        },
        {
          "client_id": "979081569991-kt9ucme1elhlqmborteqr39bbr5621hl.apps.googleusercontent.com",
          "client_type": 3
        }
      ],
      "api_key": [
        {
          "current_key": "AIzaSyAUpaZucNbBaXT9J8J1Q50Sciz3rMVLUWk"
        }
      ],
      "services": {
        "analytics_service": {
          "status": 1
        },
        "appinvite_service": {
          "status": 2,
          "other_platform_oauth_client": [
            {
              "client_id": "979081569991-kt9ucme1elhlqmborteqr39bbr5621hl.apps.googleusercontent.com",
              "client_type": 3
            }
          ]
        },
        "ads_service": {
          "status": 2
        }
      }
    }
  ],
  "configuration_version": "1"
}